,SnapId,2080020,2080021,2080022,2080023,2080024,2080025,2080026,2080027,2080028,2080029,2080030,2080031,2080032,2080033,2080034,2080040,2080041,2080042,2080043,2080044,2080045,2080046,2080047,2080048,2080049,2080050,2080051,2080052,2080053,2080054,2080055,2080056,2080057,2080058,2080059,2080060,2080061,2080062,2080063,2080064,2080065,LoadScore,LoadLevel,PerfScore,PerfLevel
0,30312,2886932.9,7672.3,0.0,0.0,92.9,278.0,103.4,1.1,0.1,0.1,0.0,89.8,6.1,1.1,0,0.1,0.1,0.0,0.0,0.0,0.0,3,2,2,50.8,99.81,100.0,99.65,91.74,99.97,31.78,99.85,38.02,49.87,61.78,0.0,28.0,61.79,19.55,43.89,0,60,C,82,B
1,30313,8085545.3,24340.5,0.0,0.1,88.1,828.3,296.5,0.4,0.1,0.1,0.0,186.7,16.0,1.0,0,0.3,0.2,0.0,0.0,0.0,0.0,4,2,1,54.3,99.99,100.0,99.85,80.9,99.97,36.7,99.93,50.19,41.15,9.5,0.0,21.35,9.51,19.64,63.45,0,60,C,85,B
2,30314,451690.5,27352.2,0.0,0.0,253.1,87.2,7699.4,0.9,0.2,0.1,0.1,7608.4,27.7,1.3,0,0.6,0.4,0.0,0.0,0.0,0.0,1,0,1,68.3,99.26,100.0,99.85,80.93,98.68,33.87,99.97,28.36,53.7,94.8,0.0,26.86,93.92,14.2,51.58,0,60,C,90,A
3,30315,2211397.5,37822.1,0.0,0.0,86.3,199.9,381.6,4.7,0.7,0.7,0.3,369.7,5.3,1.2,0,0.3,0.2,0.0,0.0,0.0,0.0,2,1,2,52.6,99.92,100.0,98.88,85.03,99.18,28.65,99.83,27.84,63.45,22.77,0.0,65.54,19.6,10.98,26.8,0,60,C,84,B
4,30316,966618.3,7507.8,0.0,0.0,135.0,82.0,142.7,12.7,2.1,0.5,0.3,240.5,8.1,1.2,0,0.2,0.1,0.0,0.0,0.0,0.0,0,2,7,37.3,99.16,99.99,95.02,83.76,99.79,18.42,99.58,7.35,12.53,61.21,0.0,23.89,58.6,4.5,33.06,0,69,C,84,B
5,30317,1587615.0,10034.6,0.1,0.0,172.1,160.7,300.2,13.0,2.2,0.5,0.4,295.6,18.2,2.3,0,0.6,0.2,0.0,0.0,0.0,0.0,1,2,3,31.4,94.03,100.0,96.33,82.97,99.83,30.04,99.59,33.32,15.4,94.19,0.0,18.19,71.73,8.89,28.51,0,71,C,83,B
6,30318,7084.2,3137.2,0.0,0.0,52.4,6.7,10.2,1.0,0.2,0.1,0.0,8.8,0.5,1.0,0,0.1,0.0,0.01,0.0,0.01,0.0,0,1,43,58.1,99.85,100.0,95.33,84.11,99.94,35.34,99.59,18.38,11.64,24.7,0.0,57.13,20.04,1.28,77.78,0,56,C,84,B
7,30319,5461.4,2308.7,0.0,0.0,57.1,4.7,10.6,1.0,0.2,0.1,0.0,9.6,0.6,1.0,0,0.0,0.0,0.01,0.0,0.0,0.0,0,2,9,58.9,99.97,100.0,94.03,79.6,99.94,34.75,99.53,14.5,14.74,97.34,0.0,78.35,97.34,1.9,14.29,0,56,C,85,B
8,30320,6229.7,2990.5,0.0,0.0,87.4,6.2,19.5,1.2,0.3,0.2,0.0,11.7,0.4,1.0,0,0.1,0.0,0.01,0.0,0.0,0.0,0,1,28,58.7,99.89,99.91,94.39,70.55,99.97,48.97,99.02,11.0,11.53,96.14,0.0,61.3,96.13,24.88,25.0,0,57,C,85,B
9,30321,9357.7,2754.2,0.0,0.0,106.3,5.0,5.8,1.5,0.2,0.3,0.0,114.5,0.4,1.1,0,0.1,0.0,0.0,0.0,0.02,0.01,0,1,4,37.6,98.34,100.0,99.25,84.53,99.98,45.19,99.2,35.15,13.18,91.84,0.0,65.06,22.87,14.0,40.0,0,56,C,84,B
10,30322,3227.4,2241.1,0.0,0.0,106.9,3.3,6.1,0.5,0.1,0.1,0.0,6.1,0.3,1.0,0,0.0,0.0,0.01,0.0,0.01,0.0,0,1,34,60.6,99.98,100.0,96.76,79.99,99.94,43.67,99.28,16.18,15.06,64.27,0.0,80.04,62.6,21.41,66.67,0,54,C,85,B
11,30323,1935.5,2249.1,0.0,0.0,124.0,3.0,5.9,0.4,0.1,0.1,0.0,5.7,0.3,1.0,0,0.1,0.0,0.01,0.01,0.01,0.0,0,1,36,51.3,99.29,100.0,96.97,80.9,99.98,43.56,99.57,17.8,13.97,99.45,0.0,81.01,83.44,4.15,50.0,0,54,C,84,B
12,30324,5132.9,2239.0,0.0,0.0,123.5,3.3,6.4,0.4,0.1,0.1,0.0,6.1,0.3,1.0,0,0.0,0.0,0.01,0.0,0.01,0.0,0,1,35,60.1,99.98,100.0,97.1,78.21,99.97,39.46,99.41,15.94,16.33,6.08,0.0,80.16,29.03,20.89,33.33,0,54,C,85,B
13,30325,5298.5,2591.7,0.0,0.0,134.2,3.7,5.8,0.9,0.2,0.2,0.0,111.5,0.3,1.1,0,0.1,0.0,0.0,0.0,0.01,0.01,0,1,36,44.7,99.26,100.0,99.47,79.12,99.97,47.83,99.25,20.4,13.04,61.32,0.0,69.33,14.77,9.75,40.0,0,56,C,83,B
14,30326,1944.4,2263.3,0.0,0.0,124.8,3.0,7.9,0.4,0.1,0.1,0.0,7.7,0.3,1.0,0,0.0,0.0,0.01,0.0,0.01,0.0,0,1,38,60.7,99.97,100.0,97.74,82.74,99.99,33.64,99.63,16.57,14.89,85.66,0.0,79.17,85.7,4.02,50.0,0,54,C,85,B
15,30327,1899.9,2256.0,0.0,0.0,110.3,3.1,5.9,0.4,0.1,0.1,0.0,5.7,0.3,1.0,0,0.0,0.0,0.01,0.0,0.01,0.0,0,0,38,60.4,100.0,100.0,97.23,80.35,99.97,44.88,99.38,17.14,14.95,0.38,0.0,79.49,3.67,1.55,40.0,0,54,C,86,B
16,30328,1860.9,2217.9,0.0,0.0,126.3,3.0,5.7,0.4,0.1,0.1,0.0,5.5,0.3,1.1,0,0.0,0.0,0.01,0.0,0.01,0.0,0,0,20,60.8,100.0,100.0,97.11,80.16,99.95,37.36,99.64,16.8,15.19,1.36,0.0,80.74,13.12,1.51,66.67,0,54,C,88,B
17,30329,3120.0,2518.4,0.0,0.0,92.3,3.4,12.6,0.7,0.1,0.1,0.0,116.6,0.3,1.0,0,0.1,0.0,0.0,0.0,0.01,0.0,0,1,41,53.5,99.85,100.0,99.59,80.74,99.98,51.5,99.3,16.69,13.42,67.62,0.0,71.33,35.89,3.26,50.0,0,57,C,84,B
18,30330,4399.5,2886.5,0.0,0.0,85.8,3.3,6.9,0.5,0.1,0.2,0.0,6.5,0.3,1.0,0,0.1,0.0,0.01,0.0,0.01,0.0,0,1,32,58.2,99.87,100.0,97.19,81.5,99.96,39.62,99.63,13.61,11.7,25.2,0.0,62.18,0.22,17.18,50.0,0,54,C,84,B
19,30331,4837.1,2323.9,0.0,0.0,116.5,3.1,7.5,0.4,0.1,0.1,0.0,6.0,0.3,1.0,0,0.0,0.0,0.01,0.0,0.01,0.0,0,1,32,59.6,99.95,100.0,95.59,79.88,99.96,35.92,99.64,15.54,14.67,95.71,0.0,77.98,95.71,3.99,37.5,0,54,C,84,B
20,30332,1882.2,2227.6,0.0,0.0,108.8,3.0,5.8,0.4,0.1,0.1,0.0,5.5,0.3,1.0,0,0.0,0.0,0.01,0.0,0.01,0.0,0,0,35,60.5,99.99,100.0,96.81,81.87,99.97,34.86,99.58,18.24,15.16,0.58,0.0,80.57,58.64,1.09,60.0,0,54,C,86,B
21,30333,3418.2,2516.4,0.0,0.0,110.3,3.2,5.8,0.7,0.1,0.1,0.0,111.4,0.3,1.2,0,0.1,0.0,0.0,0.0,0.01,0.01,2,1,30,37.8,99.89,100.0,99.57,80.68,99.96,54.32,99.18,10.33,12.51,96.9,0.0,72.53,37.84,3.9,20.0,0,56,C,81,B
22,30334,1933.0,2244.6,0.0,0.0,77.2,3.0,5.9,0.4,0.1,0.1,0.0,5.7,0.3,1.1,0,0.0,0.0,0.01,0.0,0.01,0.0,0,1,39,59.6,100.0,100.0,96.88,76.38,99.96,36.11,99.56,18.24,16.28,1.3,0.0,79.89,12.55,1.73,40.0,0,54,C,84,B
23,30335,29579.9,2634.4,0.0,0.0,101.8,6.6,53.2,0.9,0.2,0.1,0.0,55.1,0.7,1.0,0,0.1,0.0,0.0,0.0,0.0,0.0,0,1,25,60.5,99.61,100.0,99.0,83.88,99.95,36.94,99.53,20.0,12.79,31.46,0.0,68.01,31.4,8.85,71.43,0,59,C,87,B
24,30336,2790941.0,7577.7,0.0,0.0,105.3,273.6,102.9,1.1,0.1,0.1,0.0,92.3,5.9,1.1,0,0.1,0.1,0.0,0.0,0.0,0.0,1,9,1,51.2,99.83,100.0,99.65,91.26,99.96,42.6,99.72,7.49,4.52,60.13,0.0,27.61,60.14,19.49,56.55,0,60,C,88,B
25,30337,8157079.0,24942.1,0.0,0.1,103.1,844.7,303.6,0.6,0.1,0.1,0.0,198.3,16.4,1.1,0,0.3,0.2,0.0,0.0,0.0,0.0,1,8,1,55.3,99.99,100.0,99.82,81.45,99.97,35.06,99.91,5.47,17.72,0.68,0.0,21.03,0.59,19.67,75.14,0,60,C,88,B
26,30338,1267539.8,38621.2,0.0,0.0,225.1,154.6,7780.6,2.5,0.4,0.3,0.1,7686.3,29.5,1.3,0,0.7,0.5,0.0,0.0,0.0,0.0,1,0,0,67.1,99.46,100.0,99.76,85.81,95.72,24.0,99.97,25.38,38.03,91.9,0.0,34.42,90.99,12.45,48.51,0,60,C,90,A
27,30339,1334415.9,27823.2,0.0,0.0,35.4,112.6,298.6,2.9,0.5,0.5,0.2,291.6,3.1,1.2,0,0.2,0.1,0.0,0.0,0.0,0.0,1,1,3,54.7,99.93,100.0,99.03,83.71,99.77,49.25,99.19,26.58,62.87,38.9,0.0,63.12,32.27,18.35,50.44,0,60,C,87,B
28,30340,961056.4,7048.8,0.0,0.0,27.6,80.3,141.7,12.0,2.0,0.4,0.3,132.5,8.0,1.1,0,0.2,0.1,0.0,0.0,0.0,0.0,1,3,6,40.3,99.81,100.0,91.86,83.71,99.8,12.7,99.69,6.54,13.33,8.63,0.0,25.45,6.54,4.58,32.09,0,69,C,86,B
29,30341,1538527.2,9041.2,0.0,0.0,42.0,156.5,283.0,9.3,1.6,0.2,0.4,258.3,17.6,1.2,0,0.2,0.1,0.0,0.0,0.0,0.0,1,2,3,40.1,99.73,100.0,96.48,82.59,99.81,16.99,99.75,5.59,16.77,15.58,0.0,19.79,5.44,8.79,21.35,0,68,C,85,B
30,30342,6005.0,2719.3,0.0,0.0,16.2,4.2,9.6,1.0,0.2,0.1,0.0,8.2,0.5,1.0,0,0.1,0.0,0.01,0.0,0.01,0.0,0,2,9,52.3,99.84,100.0,95.28,83.38,99.95,31.4,99.67,17.75,12.4,29.29,0.0,65.91,21.5,2.12,22.22,0,54,C,85,B
31,30343,6800.7,2617.7,0.0,0.0,13.2,5.0,12.0,0.9,0.2,0.1,0.0,9.2,0.7,1.1,0,0.1,0.0,0.01,0.0,0.0,0.0,0,3,1,53.1,99.92,100.0,93.87,78.3,99.92,38.68,99.59,19.83,13.01,92.04,0.0,69.2,92.04,1.98,28.57,0,56,C,87,B
32,30344,486663.9,5634.7,0.1,0.0,138.4,47.8,59.8,4.3,1.4,0.8,0.0,59.2,2.7,1.1,0,0.2,0.1,0.0,0.0,0.0,0.0,1,1,1,37.3,97.7,99.82,94.0,66.9,99.9,39.03,99.32,34.27,30.25,61.18,0.0,33.54,41.57,12.01,46.6,0,64,C,87,B
33,30345,7155756.8,45723.0,0.0,0.1,132.3,699.9,1282.7,4.9,0.4,0.7,0.1,1182.9,39.3,1.4,0,0.7,0.3,0.0,0.0,0.0,0.0,3,1,1,48.0,99.78,99.97,99.81,91.89,98.52,21.7,99.96,11.51,36.46,29.09,0.0,38.85,28.15,7.37,15.7,0,60,C,86,B
34,30346,6329843.8,26608.9,0.0,0.1,42.1,694.2,446.2,6.3,0.6,0.1,0.0,378.1,28.8,1.3,0,0.4,0.2,0.0,0.0,0.0,0.0,3,3,2,45.2,99.94,100.0,99.01,89.87,99.96,14.37,99.93,19.69,41.96,1.25,0.0,35.11,8.02,17.39,21.82,0,64,C,83,B
35,30347,6995315.4,26787.6,0.0,0.1,56.5,706.4,619.0,6.5,1.1,0.1,0.0,534.4,32.6,1.4,0,0.5,0.2,0.0,0.0,0.0,0.0,2,1,1,46.2,99.92,100.0,98.74,83.76,99.95,13.95,99.95,5.64,9.81,30.3,0.0,14.87,31.87,11.56,16.83,0,68,C,87,B
36,30348,4134214.4,26618.8,0.0,0.1,29.2,455.1,376.4,0.8,0.1,0.1,0.0,317.1,17.7,1.1,0,0.3,0.2,0.0,0.0,0.0,0.0,2,1,1,58.6,99.99,100.0,99.9,89.24,99.96,33.66,99.94,16.13,17.64,5.28,0.0,25.78,8.49,23.22,28.94,0,60,C,87,B
37,30349,4552716.9,29959.9,0.0,0.1,192.9,574.6,561.4,1.7,0.2,0.1,0.0,411.2,42.1,1.4,0,0.5,0.2,0.0,0.0,0.0,0.0,2,1,2,38.7,99.43,100.0,99.77,89.66,99.98,25.68,99.95,12.43,13.84,50.57,0.0,18.75,50.17,25.84,25.61,0,60,C,83,B
38,30350,1273906.1,11257.1,0.0,0.0,113.6,150.4,444.9,4.1,0.7,0.1,0.0,383.0,29.2,1.4,0,0.3,0.1,0.0,0.0,0.0,0.0,1,1,1,35.1,99.13,100.0,98.75,83.1,99.94,18.06,99.9,23.82,6.55,79.26,0.0,20.75,79.27,17.03,22.87,0,60,C,88,B
39,30351,1583238.8,13486.6,0.0,0.0,43.3,154.6,357.5,1.9,0.2,2.5,0.0,322.0,9.4,1.2,0,0.2,0.1,0.0,0.0,0.0,0.0,2,1,2,49.4,99.72,100.0,99.66,87.96,99.96,17.22,99.91,11.67,12.6,18.9,0.0,37.5,18.9,32.82,43.22,0,62,C,84,B
40,30352,76860.0,4488.8,0.0,0.0,13.2,10.1,22.2,0.8,0.2,0.9,0.0,14.3,1.8,1.0,0,0.1,0.0,0.0,0.0,0.0,0.0,0,3,16,52.9,99.57,100.0,95.69,78.29,99.94,32.8,99.69,16.49,17.08,38.9,0.0,43.1,38.9,28.26,28.57,0,60,C,82,B
41,30353,3913.0,2260.5,0.0,0.0,12.2,3.0,6.4,0.4,0.1,0.1,0.0,5.9,0.3,1.1,0,0.0,0.0,0.01,0.0,0.01,0.0,0,1,35,59.8,99.93,100.0,97.34,85.71,99.95,40.23,99.65,22.32,14.97,50.53,0.0,79.4,50.53,14.23,66.67,0,54,C,83,B
42,30354,2676296.3,49151.8,0.0,0.0,45.6,126.1,227.3,3.0,0.3,0.9,0.1,206.9,4.5,1.5,0,0.4,0.2,0.0,0.0,0.0,0.0,2,1,1,53.8,99.92,99.89,99.28,88.47,98.94,47.37,99.59,32.95,69.81,32.2,0.0,65.27,39.98,11.85,35.32,0,60,C,86,B
43,30355,180125.9,7874.3,0.4,0.0,69.4,38.1,40.0,5.0,1.0,1.1,0.2,59.9,1.6,1.1,0,0.3,0.1,0.01,0.0,0.01,0.0,0,3,4,42.7,93.64,99.41,93.56,79.54,98.53,44.65,99.36,52.56,37.45,76.94,0.0,41.19,23.21,7.54,40.89,0,69,C,83,B
44,30356,2279.7,2320.5,0.0,0.0,18.2,3.0,7.5,0.6,0.1,0.1,0.0,6.3,0.3,1.0,0,0.1,0.0,0.01,0.0,0.01,0.0,2,74,10,56.8,99.43,100.0,96.46,85.76,99.99,42.71,99.62,20.14,14.83,63.4,0.0,78.59,63.39,6.02,52.94,0,54,C,77,B
45,30357,19489.7,14088.8,0.2,0.0,1497.6,6.7,6.8,3.3,0.7,0.6,0.0,129.8,0.7,1.6,0,2.0,0.4,0.02,0.0,0.3,0.05,9,5,42,18.3,89.34,99.98,98.47,79.17,99.99,13.3,98.64,49.26,79.08,95.68,0.0,74.72,85.07,9.41,50.0,0,57,C,63,C
46,30358,2662.3,22339.8,0.3,0.0,949.4,5.7,9.5,0.5,0.1,0.1,0.0,12.5,0.3,1.1,0,1.1,0.5,0.09,0.04,0.11,0.05,4,13,51,44.7,88.7,100.0,98.51,81.21,100.0,37.86,99.97,93.47,89.79,99.75,0.0,33.99,37.92,3.2,33.33,0,56,C,57,C
47,30359,84398.9,16933.3,0.2,0.0,168.9,18.3,71.8,2.0,0.3,0.5,0.0,77.1,2.2,1.0,0,2.1,0.3,0.03,0.0,0.03,0.0,1,12,23,16.0,88.89,100.0,98.42,84.97,99.99,42.64,99.91,25.8,73.18,97.98,0.0,32.82,45.92,8.75,17.65,0,60,C,68,C
48,30360,3119878.7,8454.8,0.0,0.0,28.6,299.7,129.0,1.2,0.1,1.5,0.0,102.7,8.3,1.1,0,0.2,0.1,0.0,0.0,0.0,0.0,3,1,2,49.3,99.7,100.0,99.3,88.01,99.97,38.22,99.79,34.56,46.26,35.92,0.0,26.06,35.14,18.21,46.7,0,62,C,84,B
49,30361,8049278.8,24879.4,0.0,0.1,42.5,834.6,374.1,0.8,0.1,0.3,0.0,259.1,18.6,1.1,0,0.3,0.2,0.0,0.0,0.0,0.0,4,2,2,54.7,99.95,100.0,99.78,84.4,99.97,37.84,99.91,46.3,39.95,41.69,0.0,20.73,41.69,19.67,43.53,0,60,C,82,B
50,30362,635506.7,35398.7,0.0,0.0,227.0,99.6,7788.9,0.8,0.2,0.6,0.1,7697.3,26.4,1.3,0,0.7,0.4,0.0,0.0,0.0,0.0,1,0,0,67.6,99.4,100.0,99.59,81.15,98.5,35.11,99.97,27.31,41.86,90.53,0.0,34.93,89.74,18.97,40.52,0,60,C,90,A
51,30363,2015167.0,30272.6,0.0,0.0,53.0,174.2,344.2,4.6,0.7,0.5,0.3,332.9,5.1,1.3,0,0.3,0.1,0.0,0.0,0.0,0.0,2,1,1,51.5,99.88,100.0,98.94,85.51,96.24,43.87,99.56,24.82,57.57,36.56,0.0,59.25,20.2,12.19,18.88,0,60,C,86,B
52,30364,909469.7,6934.4,0.0,0.0,30.2,82.2,146.6,12.7,2.0,0.3,0.3,137.6,7.7,1.3,0,0.2,0.1,0.0,0.0,0.0,0.0,1,2,6,38.6,99.77,100.0,92.15,84.47,99.67,14.04,99.65,6.14,13.71,9.71,0.0,25.8,1.67,3.7,29.91,0,69,C,84,B
53,30365,680703.4,5816.2,0.0,0.0,23.6,50.9,98.9,3.9,0.5,0.2,0.1,88.7,6.0,1.1,0,0.1,0.1,0.0,0.0,0.0,0.0,1,2,3,44.9,99.84,100.0,97.43,87.84,99.81,22.76,99.7,9.64,21.34,20.8,0.0,30.81,4.66,10.1,23.92,0,60,C,85,B
54,30366,928096.3,6179.6,0.0,0.0,36.4,114.6,201.7,7.1,1.3,0.2,0.3,184.2,13.0,1.1,0,0.2,0.1,0.0,0.0,0.0,0.0,1,2,3,41.1,99.65,100.0,96.12,81.16,99.8,20.58,99.64,6.23,8.31,18.56,0.0,29.51,3.44,14.4,19.97,0,68,C,85,B
55,30367,4138.4,2338.0,0.0,0.0,12.1,4.4,11.2,1.0,0.2,0.1,0.0,10.1,0.6,1.0,0,0.0,0.0,0.0,0.0,0.0,0.0,0,3,12,57.3,99.96,100.0,95.77,85.05,99.96,32.38,99.67,21.45,15.86,96.56,0.0,77.11,96.56,2.17,27.27,0,57,C,83,B
56,30368,1084731.1,115799.6,13.5,0.0,896.4,157.4,107.9,3.8,0.7,0.6,0.0,103.1,2.0,3.4,0,3.4,0.5,0.03,0.0,0.03,0.0,3,6,1,14.0,98.93,99.74,97.79,82.25,99.94,33.63,99.89,86.05,1837.21,98.74,0.0,1842.58,99.22,9.85,62.33,0,66,C,70,C
57,30369,2723593.5,131959.2,12.7,0.1,885.7,231.4,335.5,3.1,1.2,2.1,0.0,274.4,21.9,3.5,0,3.5,0.5,0.01,0.0,0.01,0.0,5,6,0,15.0,99.85,100.0,98.17,62.25,99.94,15.21,99.98,83.98,364.4,99.3,0.0,366.11,99.81,14.38,38.55,0,71,C,78,B
58,30370,208171.1,117243.9,13.9,0.0,912.3,29.1,88.4,0.9,0.1,1.8,0.0,69.3,10.7,3.1,0,3.1,0.4,0.05,0.01,0.04,0.01,2,5,5,14.1,99.67,99.98,99.32,85.21,99.96,35.34,99.97,95.17,3096.41,99.54,0.0,3109.83,99.98,47.95,33.46,0,67,C,68,C
59,30371,116967.4,133579.3,15.4,0.0,1005.8,10.5,32.6,0.7,0.1,1.3,0.0,19.5,2.2,3.1,0,3.1,0.5,0.16,0.03,0.09,0.02,1,5,22,15.8,99.99,100.0,98.02,83.31,99.98,31.97,99.98,95.98,23.63,0.01,0.0,1765.99,99.96,43.99,30.0,0,67,C,62,C
60,30372,28986.8,128382.5,15.4,0.0,1002.5,4.8,14.9,0.4,0.1,0.6,0.0,13.0,0.6,3.1,0,3.1,0.5,0.24,0.04,0.21,0.03,1,5,62,15.4,99.97,100.0,98.52,85.16,99.99,36.9,99.98,97.04,5336.81,99.45,0.0,5369.04,100.0,28.23,100.0,0,64,C,55,C
61,30373,228860.0,141078.1,14.6,0.0,963.5,21.0,53.9,0.6,0.1,2.5,0.0,29.8,4.3,3.2,0,3.2,0.5,0.11,0.02,0.06,0.01,2,5,14,16.1,99.98,99.97,98.35,78.6,99.99,39.78,99.98,93.33,540.19,99.53,0.0,542.42,99.9,16.99,40.0,0,67,C,62,C
62,30374,2354.5,114018.0,13.6,0.0,890.3,3.0,10.7,0.4,0.1,0.1,0.0,10.3,0.3,3.1,0,3.1,0.4,0.3,0.04,0.29,0.04,1,5,48,13.7,99.97,100.0,98.25,84.39,99.99,42.31,99.98,97.51,4929.15,99.47,0.0,4950.67,99.99,4.7,100.0,0,63,C,56,C
63,30375,2356.0,114644.5,13.7,0.0,894.3,3.1,8.8,0.5,0.1,0.1,0.0,8.6,0.3,3.1,0,3.1,0.4,0.36,0.05,0.35,0.05,1,5,26,13.8,99.78,100.0,96.8,82.09,99.98,28.99,99.97,97.43,4929.48,99.64,0.0,4949.53,99.99,6.53,80.0,0,59,C,57,C
64,30376,47702.1,112064.2,13.2,0.0,860.0,5.7,17.1,0.5,0.1,0.6,0.0,12.8,0.9,2.9,0,2.9,0.4,0.22,0.03,0.17,0.02,1,5,21,14.6,99.99,100.0,98.33,85.3,99.99,37.5,99.98,96.96,2600.83,99.44,0.0,2613.06,99.99,29.24,30.77,0,64,C,61,C
65,30377,4820.5,77685.6,9.2,0.0,604.5,3.3,11.2,0.4,0.1,0.1,0.0,10.9,0.3,1.8,0,1.8,0.3,0.16,0.03,0.16,0.03,1,4,44,18.0,99.98,100.0,98.28,82.86,99.99,40.43,99.97,96.91,3319.59,99.69,0.0,3333.73,100.01,7.93,66.67,0,61,C,60,C
66,30378,7555.9,17813.8,1.8,0.0,132.6,3.8,11.1,0.6,0.1,0.2,0.0,10.9,0.3,1.0,0,0.4,0.1,0.03,0.01,0.03,0.01,0,3,27,26.1,99.79,100.0,97.91,84.36,99.99,53.55,99.37,83.03,490.7,99.68,0.0,492.25,99.99,50.24,57.14,0,57,C,73,C
67,30379,2944.1,2644.1,0.0,0.0,20.3,3.7,18.2,0.6,0.1,0.3,0.0,17.9,0.3,1.0,0,0.1,0.0,0.0,0.0,0.0,0.0,0,2,43,51.8,99.55,99.88,97.29,77.44,99.96,46.76,99.56,14.11,13.4,82.47,0.0,70.82,78.68,0.67,66.67,0,57,C,81,B
68,30380,2193.5,2322.0,0.0,0.0,12.9,3.0,10.0,0.5,0.1,0.1,0.0,15.7,0.3,1.0,0,0.0,0.0,0.0,0.0,0.0,0.0,2,170,42,59.9,99.95,100.0,98.13,85.08,99.95,46.4,99.44,22.4,13.65,57.41,0.0,78.66,25.46,8.02,27.27,0,57,C,73,C
69,30381,26766.3,3859.4,0.0,0.0,1980.5,7.6,10.8,3.8,0.5,0.9,0.0,130.8,0.7,2.1,0,1.0,0.1,0.01,0.0,0.09,0.01,4,11,49,6.7,96.03,99.99,98.51,85.59,99.97,43.21,98.94,19.74,20.29,68.56,0.0,46.66,7.83,9.88,50.0,0,61,C,70,C
70,30382,2198.0,2255.4,0.0,0.0,330.5,7.2,12.7,0.4,0.1,0.1,0.0,22.0,0.3,1.0,0,0.1,0.0,0.0,0.0,0.0,0.0,0,11,47,58.5,100.0,100.0,99.05,81.69,99.95,43.15,99.43,20.69,15.1,7.83,0.0,79.78,5.13,6.96,100.0,0,57,C,79,B
71,30383,34837.8,2674.0,0.0,0.0,15.5,8.8,64.5,1.0,0.2,0.1,0.0,66.1,1.7,1.0,0,0.1,0.0,0.0,0.0,0.0,0.0,0,1,16,61.1,99.84,100.0,99.0,83.79,99.97,41.12,99.23,22.3,12.72,53.91,0.0,67.23,14.66,6.06,33.33,0,60,C,87,B
72,30384,2852783.9,7682.2,0.0,0.0,27.1,273.7,106.3,1.4,0.1,0.1,0.0,92.8,6.0,1.2,0,0.1,0.1,0.0,0.0,0.0,0.0,3,1,4,50.5,99.74,100.0,99.61,92.64,99.97,36.81,99.76,41.6,49.17,60.79,0.0,27.74,60.8,19.58,56.45,0,60,C,85,B
73,30385,8112100.4,24818.7,0.0,0.1,38.7,830.5,301.6,0.6,0.1,0.1,0.0,191.2,16.0,1.0,0,0.3,0.2,0.0,0.0,0.0,0.0,4,2,2,53.6,99.99,100.0,99.82,82.21,99.98,39.55,99.91,49.0,40.36,2.61,0.0,20.99,3.91,19.68,36.92,0,60,C,83,B
74,30386,457553.8,30038.8,0.0,0.0,222.5,89.4,7733.3,0.8,0.1,0.1,0.1,7643.5,27.7,1.3,0,0.6,0.4,0.0,0.0,0.0,0.0,1,0,1,67.1,99.3,100.0,99.75,82.76,98.8,42.59,99.97,27.35,49.04,92.54,0.0,25.89,91.69,13.31,51.87,0,60,C,90,A
75,30387,2204186.1,35750.2,0.0,0.0,58.4,195.8,378.6,4.7,0.7,0.7,0.3,366.5,5.3,1.3,0,0.3,0.2,0.0,0.0,0.0,0.0,2,2,1,50.2,99.89,100.0,98.94,84.87,96.91,27.22,99.83,25.32,61.14,33.25,0.0,63.07,18.38,11.39,24.42,0,60,C,83,B
76,30388,921968.2,7034.7,0.0,0.0,30.9,77.2,145.2,12.5,2.0,0.3,0.3,136.3,7.7,1.0,0,0.2,0.1,0.0,0.0,0.0,0.0,1,3,5,37.9,99.76,100.0,92.5,84.34,99.79,12.93,99.68,5.83,14.09,9.25,0.0,25.75,1.13,3.65,28.16,0,69,C,84,B
77,30389,1083778.2,6637.8,0.0,0.0,26.0,78.3,163.9,3.9,0.5,0.2,0.1,147.2,9.9,1.1,0,0.1,0.1,0.0,0.0,0.0,0.0,1,1,2,47.1,99.84,100.0,98.11,86.83,99.77,34.35,99.58,8.68,18.48,17.24,0.0,27.25,3.93,14.67,34.61,0,60,C,88,B
78,30390,516594.2,5507.0,0.0,0.0,34.2,83.1,155.1,6.7,1.3,0.2,0.3,144.2,8.9,1.2,0,0.1,0.1,0.0,0.0,0.0,0.0,1,2,4,37.7,99.63,100.0,95.08,80.58,99.77,22.31,99.54,7.21,6.73,20.02,0.0,32.94,3.66,9.97,20.36,0,68,C,84,B
79,30391,7376.6,2364.3,0.0,0.0,13.1,4.7,13.2,0.8,0.2,0.1,0.0,12.3,0.6,1.1,0,0.1,0.0,0.0,0.0,0.0,0.0,0,3,1,52.4,99.93,100.0,95.57,80.23,99.91,32.71,99.66,18.22,14.57,93.24,0.0,77.46,93.24,9.47,33.33,0,57,C,87,B
80,30392,10022.5,3463.3,0.1,0.0,28.7,10.4,23.0,2.0,0.5,0.5,0.0,20.1,0.4,1.0,0,0.1,0.1,0.01,0.0,0.01,0.0,0,3,33,46.4,98.65,99.75,94.96,76.76,99.98,50.56,99.19,36.76,12.06,78.64,0.0,56.9,76.73,2.86,25.0,0,57,C,80,B
81,30393,1902.7,2255.2,0.0,0.0,11.5,3.1,9.6,0.5,0.1,0.1,0.0,9.3,0.3,1.0,0,0.0,0.0,0.0,0.0,0.0,0.0,0,2,47,60.3,99.99,100.0,97.18,82.8,99.97,35.63,99.66,25.69,15.07,13.54,0.0,80.1,5.01,3.18,42.86,0,54,C,83,B
82,30394,2159.1,2315.9,0.0,0.0,10.0,3.0,9.4,0.4,0.0,0.1,0.0,8.9,0.3,1.0,0,0.0,0.0,0.01,0.0,0.01,0.0,0,3,9,58.9,99.98,100.0,98.56,90.95,99.99,37.31,99.76,22.63,14.95,40.78,0.0,79.47,39.74,11.05,100.0,0,54,C,85,B
83,30395,1838.8,2255.4,0.0,0.0,13.6,3.0,9.3,0.4,0.1,0.1,0.0,9.0,0.3,1.1,0,0.0,0.0,0.0,0.0,0.0,0.0,1,0,32,60.6,100.0,100.0,97.24,79.31,99.96,44.44,99.43,25.26,15.06,1.03,0.0,80.03,4.11,1.76,44.44,0,54,C,86,B
84,30396,2433.3,2255.4,0.0,0.0,11.8,3.0,9.3,0.4,0.1,0.1,0.0,9.0,0.3,1.0,0,0.0,0.0,0.01,0.0,0.0,0.0,0,1,33,61.0,99.99,100.0,98.04,84.48,99.97,41.76,99.62,24.54,15.09,25.19,0.0,80.22,32.67,10.33,77.78,0,54,C,85,B
85,30397,1767.0,2252.1,0.0,0.0,7.6,2.8,8.9,0.4,0.0,0.1,0.0,8.6,0.3,1.0,0,0.0,0.0,0.01,0.0,0.0,0.0,0,1,37,62.3,99.98,100.0,98.82,90.58,99.97,34.09,99.85,23.95,14.06,86.06,0.0,81.51,84.45,4.12,66.67,0,54,C,86,B
86,30398,1825.0,2321.5,0.0,0.0,12.0,2.9,11.2,0.4,0.1,0.1,0.0,10.9,0.3,1.0,0,0.0,0.0,0.0,0.0,0.0,0.0,0,3,37,58.2,99.98,100.0,98.33,83.6,99.94,38.04,99.66,21.05,15.97,96.38,0.0,78.34,96.41,1.65,40.0,0,57,C,81,B
87,30399,4350.5,2276.3,0.0,0.0,11.6,3.0,9.4,0.4,0.1,0.1,0.0,8.9,0.3,1.0,0,0.0,0.0,0.01,0.0,0.0,0.0,1,0,35,60.6,100.0,100.0,98.0,84.79,99.96,40.0,99.67,23.14,14.97,1.08,0.0,79.55,11.91,19.12,66.67,0,54,C,85,B
88,30400,1703.7,2250.5,0.0,0.0,11.4,2.9,9.0,0.4,0.1,0.1,0.0,8.6,0.3,1.0,0,0.0,0.0,0.01,0.0,0.01,0.0,1,0,41,60.3,100.0,100.0,98.03,82.45,99.95,35.87,99.67,23.87,15.11,1.29,0.0,80.28,5.58,4.15,50.0,0,54,C,86,B
89,30401,1785.7,2259.3,0.0,0.0,11.6,2.9,9.1,0.4,0.1,0.1,0.0,8.7,0.3,1.1,0,0.0,0.0,0.0,0.0,0.0,0.0,1,0,37,61.0,100.0,100.0,98.04,82.37,99.97,50.0,99.54,26.92,15.09,1.27,0.0,80.22,5.91,1.76,40.0,0,54,C,86,B
90,30402,4301.7,2969.0,0.0,0.0,16.3,3.5,10.2,0.4,0.1,0.2,0.0,9.7,0.3,1.0,0,0.1,0.0,0.01,0.0,0.01,0.0,0,1,36,58.9,99.87,100.0,98.02,82.09,99.97,57.17,97.48,19.15,11.49,24.1,0.0,61.04,0.08,2.51,50.0,0,56,C,84,B
91,30403,2134.5,2353.2,0.0,0.0,13.5,3.1,10.8,0.4,0.1,0.1,0.0,9.0,0.3,1.0,0,0.0,0.0,0.01,0.0,0.0,0.0,0,1,31,59.3,99.95,100.0,96.9,80.06,99.97,39.78,99.62,24.94,14.65,95.6,0.0,77.87,95.6,1.68,25.0,0,56,C,84,B
92,30404,1858.5,2298.6,0.0,0.0,12.1,3.0,16.0,0.5,0.1,0.1,0.0,15.9,0.3,1.0,0,0.0,0.0,0.0,0.0,0.0,0.0,0,1,44,61.7,99.97,100.0,98.54,84.23,99.96,38.93,99.5,23.5,13.82,67.11,0.0,80.11,43.17,1.55,0.0,0,57,C,86,B
93,30405,31464.0,8057.7,0.1,0.0,1424.6,10.9,10.2,4.2,1.1,1.7,0.0,140.8,0.6,1.9,0,1.8,0.2,0.01,0.0,0.18,0.02,5,27,44,11.4,87.67,99.99,97.85,75.15,99.99,58.5,64.57,27.38,49.57,92.56,0.0,32.73,5.24,27.91,100.0,0,65,C,64,C
94,30406,5347.1,2302.8,0.0,0.0,885.3,5.1,11.2,0.5,0.1,0.1,0.0,14.0,0.3,1.0,0,0.1,0.0,0.01,0.0,0.01,0.0,1,22,45,40.4,100.0,100.0,98.45,81.41,99.95,34.86,99.64,18.44,14.81,8.19,0.0,78.7,5.58,17.69,50.0,0,57,C,79,B
95,30407,24315.3,2762.8,0.0,0.0,34.0,8.0,76.0,1.0,0.2,0.1,0.0,85.1,0.7,1.0,0,0.1,0.0,0.0,0.0,0.0,0.0,1,16,19,60.1,99.82,100.0,99.29,84.32,99.96,38.82,99.5,18.14,12.32,33.98,0.0,65.49,14.8,6.96,81.82,0,59,C,82,B
96,30408,2876287.4,7752.7,0.0,0.0,24.9,277.9,106.7,1.1,0.1,0.1,0.0,93.2,6.1,1.0,0,0.1,0.1,0.0,0.0,0.0,0.0,3,1,2,52.4,99.81,100.0,99.6,91.8,99.97,42.66,99.76,7.28,4.54,61.89,0.0,27.69,61.9,19.6,55.1,0,60,C,85,B
97,30409,8139845.9,24832.4,0.0,0.1,38.3,834.4,302.2,0.5,0.1,0.1,0.0,191.3,16.1,1.1,0,0.3,0.2,0.0,0.0,0.0,0.0,4,2,2,54.3,99.99,100.0,99.83,80.66,99.97,38.94,99.93,5.21,17.16,3.75,0.0,21.09,3.98,19.69,57.14,0,60,C,83,B
98,30410,460742.1,29357.5,0.0,0.0,218.2,83.8,7774.4,0.9,0.2,0.1,0.1,7683.5,27.9,1.2,0,0.6,0.4,0.0,0.0,0.0,0.0,1,0,0,68.4,99.3,100.0,99.76,82.92,98.34,36.64,99.97,28.25,50.45,95.0,0.0,25.24,94.19,14.1,38.61,0,60,C,90,A
99,30411,2567905.9,42965.7,0.1,0.1,95.7,255.2,459.3,5.2,0.8,0.7,0.3,400.5,12.3,1.2,0,0.4,0.2,0.0,0.0,0.0,0.0,2,1,2,50.1,99.85,100.0,99.04,85.31,99.82,31.15,99.73,18.81,53.67,87.22,0.0,54.31,54.74,4.41,22.02,0,64,C,85,B
100,30412,1456283.0,9069.6,0.0,0.0,79.6,160.5,251.4,12.8,2.0,7.9,0.3,193.5,15.3,1.2,0,0.3,0.1,0.0,0.0,0.0,0.0,1,1,5,39.3,99.4,99.99,94.12,84.65,99.71,17.3,99.69,10.89,10.82,27.34,0.0,20.33,27.34,30.59,24.96,0,71,C,85,B
101,30413,1670293.4,9100.9,0.0,0.0,51.9,172.2,280.0,8.7,1.5,0.2,0.4,252.3,18.2,1.1,0,0.2,0.1,0.0,0.0,0.0,0.0,1,1,3,39.1,99.62,100.0,96.74,82.98,99.81,15.75,99.78,5.78,16.96,29.91,0.0,20.33,29.12,8.09,27.05,0,68,C,86,B
102,30414,119590.4,3730.7,0.0,0.0,31.4,16.8,38.5,1.7,0.3,0.1,0.0,33.9,2.2,1.1,0,0.1,0.0,0.0,0.0,0.0,0.0,0,1,13,45.3,99.51,100.0,96.48,82.36,99.93,34.39,99.5,12.66,9.1,57.54,0.0,48.59,55.94,25.33,70.37,0,60,C,85,B
103,30415,112822.9,2718.3,0.0,0.0,26.4,8.9,19.1,0.5,0.1,0.1,0.0,15.4,1.3,1.0,0,0.1,0.0,0.0,0.0,0.0,0.0,0,1,32,45.3,99.48,100.0,98.74,87.25,99.98,44.79,99.59,21.1,12.92,62.06,0.0,67.5,62.06,46.4,33.33,0,60,C,83,B
104,30416,104236.8,3977.6,0.1,0.0,46.1,16.4,33.0,2.2,0.5,0.6,0.0,28.5,1.4,1.0,0,0.2,0.1,0.01,0.0,0.01,0.0,0,2,9,38.3,97.97,99.83,95.29,77.81,99.97,43.71,99.24,29.39,10.68,64.51,0.0,50.3,62.52,28.95,22.22,0,60,C,82,B
105,30417,14868.5,2486.8,0.0,0.0,13.3,7.2,21.2,1.1,0.3,0.1,0.0,19.6,1.2,1.0,0,0.1,0.0,0.0,0.0,0.0,0.0,0,3,7,53.8,99.76,100.0,93.62,72.5,99.91,22.42,99.54,18.68,13.72,50.56,0.0,73.22,50.44,14.25,39.13,0,60,C,84,B
106,30418,2168.0,2279.9,0.0,0.0,11.5,3.0,11.0,0.4,0.1,0.1,0.0,10.7,0.3,1.0,0,0.0,0.0,0.0,0.0,0.0,0.0,0,2,45,60.2,99.99,100.0,98.17,83.12,99.97,36.17,99.67,22.85,14.93,35.23,0.0,79.71,34.2,11.59,66.67,0,57,C,82,B
107,30419,1840.1,2313.6,0.0,0.0,11.8,3.0,10.9,0.4,0.1,0.1,0.0,10.5,0.3,1.0,0,0.0,0.0,0.0,0.0,0.0,0.0,1,0,33,60.9,100.0,100.0,98.24,85.42,99.95,34.48,99.67,25.66,14.94,1.12,0.0,79.74,4.48,4.7,44.44,0,57,C,86,B
108,30420,2495.3,2284.3,0.0,0.0,11.6,3.0,10.9,0.4,0.1,0.1,0.0,10.5,0.3,1.1,0,0.0,0.0,0.0,0.0,0.0,0.0,0,1,38,60.8,99.99,100.0,98.21,83.79,99.97,38.64,99.66,22.4,14.94,25.94,0.0,79.78,34.29,10.32,40.0,0,57,C,85,B
109,30421,1905.1,2296.9,0.0,0.0,12.2,3.0,10.8,0.4,0.1,0.1,0.0,10.4,0.3,1.1,0,0.0,0.0,0.0,0.0,0.0,0.0,0,1,38,60.8,99.98,100.0,98.18,84.46,99.97,34.78,99.69,23.22,14.77,84.81,0.0,78.85,0.64,1.85,22.22,0,57,C,86,B
110,30422,4536.5,2315.7,0.0,0.0,12.0,3.0,12.8,0.4,0.1,0.1,0.0,12.4,0.3,1.0,0,0.1,0.0,0.0,0.0,0.0,0.0,0,4,35,55.6,99.98,100.0,98.51,83.64,99.97,36.84,99.66,20.43,14.8,96.28,0.0,79.0,96.32,21.09,75.0,0,57,C,81,B
111,30423,1798.6,2277.2,0.0,0.0,11.4,2.9,10.6,0.3,0.1,0.1,0.0,10.2,0.3,1.0,0,0.0,0.0,0.0,0.0,0.0,0.0,1,0,33,61.3,100.0,100.0,98.25,81.71,99.97,40.0,99.64,22.9,14.97,1.12,0.0,79.88,6.72,1.88,100.0,0,57,C,86,B
112,30424,1784.2,2282.8,0.0,0.0,11.8,3.0,11.0,0.4,0.1,0.1,0.0,10.6,0.3,1.0,0,0.0,0.0,0.0,0.0,0.0,0.0,0,1,29,61.3,100.0,100.0,98.31,83.33,99.94,42.5,99.67,22.73,14.94,0.47,0.0,79.73,2.03,1.58,50.0,0,57,C,88,B
113,30425,1902.6,2307.8,0.0,0.0,11.8,2.9,10.9,0.3,0.1,0.1,0.0,10.5,0.3,1.0,0,0.0,0.0,0.0,0.0,0.0,0.0,1,0,27,61.8,100.0,100.0,98.27,81.6,99.94,38.64,99.67,22.95,13.75,1.2,0.0,80.07,3.98,1.62,33.33,0,57,C,88,B
114,30426,4547.6,2506.0,0.0,0.0,16.1,3.5,11.7,0.5,0.1,0.1,0.0,11.2,0.4,1.0,0,0.1,0.0,0.0,0.0,0.0,0.0,0,1,28,57.8,99.85,100.0,98.31,84.09,99.95,57.38,96.47,22.16,14.72,23.98,0.0,72.54,1.15,15.7,50.0,0,57,C,85,B
115,30427,2370.3,2850.1,0.0,0.0,13.5,3.3,12.4,0.5,0.1,0.1,0.0,11.3,0.3,1.0,0,0.1,0.0,0.0,0.0,0.0,0.0,0,1,38,59.6,99.96,100.0,97.15,80.86,99.96,42.75,99.52,19.71,12.02,95.52,0.0,64.18,95.52,3.95,25.0,0,57,C,84,B
116,30428,3705.3,3046.3,0.0,0.0,45.0,3.1,21.1,0.9,0.1,0.3,0.0,113.3,0.4,1.5,0,0.1,0.0,0.0,0.0,0.0,0.0,4,74,38,40.4,99.24,99.99,99.53,84.4,99.96,30.28,99.35,15.28,12.18,32.69,0.0,65.01,32.69,4.71,37.5,0,57,C,73,C
117,30429,26890.6,5767.0,0.2,0.0,1440.9,7.9,360.2,3.9,0.8,0.5,0.0,39.4,0.6,1.8,0,1.5,0.1,0.04,0.0,0.0,0.0,12,8,48,8.5,89.32,99.99,95.63,79.5,99.96,25.57,99.26,27.19,17.41,16.63,0.0,48.44,16.41,7.88,33.33,0,59,C,69,C
118,30430,2153.6,2315.4,0.0,0.0,832.7,6.8,13.8,0.5,0.1,0.1,0.0,23.9,0.3,1.0,0,0.1,0.0,0.0,0.0,0.01,0.0,1,11,48,43.0,100.0,100.0,99.04,82.92,99.96,38.28,99.59,14.36,13.71,10.38,0.0,79.86,6.72,1.37,50.0,0,57,C,79,B
119,30431,25316.3,2676.8,0.0,0.0,15.4,6.5,63.2,1.0,0.2,0.1,0.0,65.4,0.7,1.1,0,0.0,0.0,0.0,0.0,0.0,0.0,0,1,26,59.9,99.81,100.0,99.07,83.34,99.97,37.5,99.4,22.57,13.79,35.84,0.0,67.96,16.39,8.01,16.67,0,59,C,86,B
120,30432,2790049.5,7607.0,0.0,0.0,25.6,265.7,105.8,1.3,0.1,0.1,0.0,92.8,5.9,1.1,0,0.1,0.1,0.0,0.0,0.0,0.0,3,1,4,50.9,99.76,100.0,99.64,92.56,99.97,34.13,99.83,41.99,48.82,65.97,0.0,27.48,65.97,19.65,52.69,0,60,C,85,B
121,30433,8189101.4,24715.9,0.0,0.1,39.5,838.0,304.9,0.5,0.1,0.1,0.0,193.8,16.1,1.0,0,0.3,0.2,0.0,0.0,0.0,0.0,4,2,1,53.3,99.99,100.0,99.84,80.3,99.97,47.59,99.89,50.14,40.93,3.83,0.0,21.27,4.13,19.68,51.79,0,60,C,85,B
122,30434,1152640.4,39039.7,0.0,0.0,234.2,145.7,7856.3,2.5,0.4,0.3,0.1,7761.2,29.7,1.3,0,0.7,0.5,0.0,0.0,0.0,0.0,1,0,1,64.7,99.43,100.0,99.82,84.88,96.79,34.95,99.96,24.6,37.99,86.0,0.0,34.4,85.24,13.55,58.18,0,60,C,90,A
123,30435,1521748.8,27398.6,0.0,0.0,45.4,130.9,306.1,2.9,0.5,0.5,0.2,297.9,3.5,1.4,0,0.3,0.1,0.0,0.0,0.0,0.0,1,1,0,52.4,99.9,100.0,99.05,83.0,94.22,34.29,99.8,25.76,57.29,48.0,0.0,61.17,26.54,15.72,38.24,0,60,C,89,B
124,30436,973465.9,7289.0,0.0,0.0,30.6,85.2,172.2,12.2,2.0,0.4,0.3,163.0,8.0,1.0,0,0.2,0.1,0.0,0.0,0.0,0.0,1,2,6,41.2,99.77,100.0,93.55,83.79,99.8,12.76,99.73,6.31,13.93,7.33,0.0,25.3,8.38,3.9,31.99,0,69,C,86,B
125,30437,1563468.4,8887.6,0.0,0.0,41.1,158.1,305.0,9.3,1.6,0.2,0.4,279.7,18.1,1.1,0,0.2,0.1,0.0,0.0,0.0,0.0,1,2,3,41.1,99.72,100.0,96.59,82.32,99.65,13.8,99.8,5.66,16.97,8.08,0.0,20.48,12.22,9.48,24.44,0,68,C,85,B
126,30438,6926.4,3220.6,0.0,0.0,18.5,6.9,18.0,1.1,0.2,0.1,0.0,16.4,0.5,1.0,0,0.1,0.0,0.0,0.0,0.0,0.0,0,3,43,48.4,99.81,100.0,96.76,85.29,99.96,38.61,99.5,19.75,10.56,31.32,0.0,56.38,16.98,1.57,80.0,0,57,C,81,B
127,30439,20623.5,2475.1,0.0,0.0,13.2,5.8,20.9,1.0,0.2,0.3,0.0,16.3,1.1,1.0,0,0.1,0.0,0.0,0.0,0.0,0.0,0,2,12,55.8,99.93,100.0,95.83,79.15,99.95,47.13,99.28,17.74,13.86,93.38,0.0,74.02,93.37,2.5,40.0,0,60,C,83,B
128,30440,14647.9,3539.7,0.1,0.0,25.8,12.3,25.6,2.1,0.5,0.5,0.0,23.6,0.6,1.0,0,0.1,0.1,0.01,0.0,0.01,0.0,0,4,16,44.1,98.55,99.82,94.82,76.17,99.96,44.66,99.24,37.78,11.88,76.75,0.0,56.0,74.59,4.72,30.0,0,59,C,82,B
129,30441,1942.5,2291.4,0.0,0.0,11.7,3.1,11.0,0.5,0.1,0.1,0.0,10.7,0.3,1.0,0,0.0,0.0,0.0,0.0,0.0,0.0,0,2,27,59.5,99.99,100.0,97.35,82.48,99.97,34.04,99.68,22.91,15.1,44.89,0.0,80.58,43.68,3.65,45.45,0,57,C,83,B
130,30442,2167.1,2292.6,0.0,0.0,11.5,3.0,10.7,0.4,0.1,0.1,0.0,10.4,0.3,1.0,0,0.0,0.0,0.0,0.0,0.0,0.0,0,2,27,59.4,99.99,100.0,98.02,85.08,99.95,37.04,99.57,24.63,14.87,39.19,0.0,79.4,37.36,11.66,33.33,0,57,C,83,B
131,30443,4250.6,2339.5,0.0,0.0,11.5,3.0,11.0,0.4,0.1,0.1,0.0,10.6,0.3,1.0,0,0.0,0.0,0.0,0.0,0.0,0.0,1,0,37,61.6,100.0,100.0,98.21,84.29,99.95,42.11,99.62,23.18,14.58,11.41,0.0,77.83,10.44,4.42,33.33,0,57,C,85,B
132,30444,2521.5,2283.7,0.0,0.0,12.0,3.1,11.0,0.4,0.1,0.1,0.0,10.6,0.3,1.0,0,0.0,0.0,0.0,0.0,0.0,0.0,0,1,40,60.9,99.99,100.0,98.22,84.9,99.94,39.33,99.66,22.19,14.93,22.63,0.0,79.71,28.2,7.72,33.33,0,57,C,85,B
133,30445,1772.9,2280.3,0.0,0.0,12.0,2.9,11.0,0.4,0.1,0.1,0.0,10.7,0.3,1.0,0,0.0,0.0,0.0,0.0,0.0,0.0,0,1,38,61.0,99.98,100.0,98.32,83.87,99.94,39.56,99.61,26.03,14.92,83.64,0.0,79.62,0.94,1.72,50.0,0,57,C,86,B
134,30446,1833.1,2303.6,0.0,0.0,12.0,2.9,12.7,0.4,0.1,0.1,0.0,12.4,0.3,1.0,0,0.0,0.0,0.0,0.0,0.0,0.0,0,3,36,57.2,99.98,100.0,98.44,83.81,99.96,34.44,99.66,23.3,14.88,96.32,0.0,79.45,96.36,1.59,66.67,0,57,C,81,B
135,30447,1749.7,2279.7,0.0,0.0,11.4,2.9,10.6,0.3,0.1,0.1,0.0,10.3,0.3,1.1,0,0.0,0.0,0.0,0.0,0.0,0.0,1,0,32,58.5,100.0,100.0,98.23,80.7,99.95,42.5,99.62,24.26,14.96,1.2,0.0,79.84,6.83,1.74,37.5,0,57,C,85,B
136,30448,1806.2,2305.0,0.0,0.0,11.6,2.9,10.8,0.4,0.1,0.1,0.0,10.5,0.3,1.0,0,0.0,0.0,0.0,0.0,0.0,0.0,1,0,36,61.6,100.0,100.0,98.28,82.56,99.97,42.86,99.62,22.81,13.74,1.29,0.0,80.04,3.88,4.87,50.0,0,57,C,86,B
137,30449,1802.6,2285.0,0.0,0.0,11.8,2.9,10.8,0.4,0.1,0.1,0.0,10.4,0.3,1.0,0,0.0,0.0,0.0,0.0,0.0,0.0,1,0,30,61.0,100.0,100.0,98.3,82.97,99.97,46.43,99.61,24.79,14.94,1.34,0.0,79.75,6.25,1.64,53.85,0,57,C,88,B
138,30450,4186.7,2514.4,0.0,0.0,16.0,3.4,11.3,0.4,0.1,0.1,0.0,10.8,0.3,1.0,0,0.0,0.0,0.0,0.0,0.0,0.0,0,1,32,58.4,99.85,100.0,98.35,81.65,99.95,57.41,97.08,21.5,14.67,24.31,0.0,72.28,1.12,16.66,33.33,0,57,C,83,B
139,30451,4873.0,2841.8,0.0,0.0,13.6,3.3,11.6,0.5,0.1,0.1,0.0,11.1,0.3,1.0,0,0.1,0.0,0.0,0.0,0.0,0.0,0,0,40,61.4,99.96,100.0,97.15,81.93,99.97,39.58,99.68,21.81,12.01,81.4,0.0,64.1,4.42,19.04,66.67,0,57,C,85,B
140,30452,2021.9,2732.4,0.0,0.0,37.7,3.0,12.5,0.5,0.1,0.3,0.0,90.6,0.3,1.1,0,0.1,0.0,0.0,0.0,0.01,0.0,2,75,36,52.5,99.88,99.99,99.6,82.36,99.97,46.75,99.42,16.1,12.58,68.65,0.0,67.14,87.52,0.95,62.5,0,57,C,73,C
141,30453,26747.1,5586.1,0.0,0.0,1466.6,8.0,11.2,3.8,0.7,0.9,0.0,55.1,0.6,1.7,0,1.0,0.1,0.02,0.0,0.09,0.01,9,3,760,9.0,97.45,99.99,96.62,81.51,99.98,24.03,73.97,25.9,48.27,81.25,0.0,34.17,13.74,10.93,20.0,0,59,C,69,C
142,30454,2342.3,2304.0,0.0,0.0,816.9,6.6,20.1,0.5,0.1,0.1,0.0,30.3,0.3,1.0,0,0.1,0.0,0.0,0.0,0.0,0.0,1,14,37,44.5,99.99,100.0,99.23,83.55,99.96,33.06,99.68,14.34,14.77,3.22,0.0,78.85,17.91,1.79,28.57,0,57,C,80,B
143,30455,27283.7,2892.2,0.1,0.1,37.9,27.4,63.3,1.1,0.2,1.7,0.0,65.8,0.7,1.1,0,0.1,0.0,0.0,0.0,0.0,0.0,0,2,28,61.2,99.82,99.99,99.04,83.92,99.95,45.28,98.52,200.93,10.95,99.26,0.0,63.75,0.1,0.03,53.33,0,61,C,86,B
144,30456,2828997.9,7621.9,0.0,0.0,24.2,272.1,106.7,1.2,0.1,0.1,0.0,93.5,6.0,1.1,0,0.1,0.1,0.0,0.0,0.0,0.0,3,2,2,51.5,99.84,100.0,99.59,91.45,99.97,31.97,99.85,40.42,49.26,7.68,0.0,27.8,60.43,19.59,43.71,0,60,C,82,B
145,30457,8177221.8,24482.7,0.0,0.1,38.6,838.8,305.2,0.5,0.1,0.1,0.0,193.8,16.1,1.1,0,0.3,0.2,0.0,0.0,0.0,0.0,4,2,2,54.3,99.99,100.0,99.83,80.59,99.98,39.87,99.9,49.91,41.39,4.3,0.0,21.46,4.52,19.65,43.33,0,60,C,83,B
146,30458,532389.0,32045.1,0.0,0.0,217.9,94.2,7785.3,1.0,0.2,0.2,0.1,7694.5,27.9,1.3,0,0.6,0.4,0.0,0.0,0.0,0.0,1,0,0,67.7,99.36,100.0,99.77,83.48,98.61,36.13,99.96,27.95,46.19,95.44,0.0,29.04,94.53,14.13,42.12,0,60,C,90,A
147,30459,2104265.0,33708.0,0.0,0.0,49.1,178.4,368.9,4.6,0.7,0.6,0.3,357.0,5.3,1.2,0,0.3,0.2,0.0,0.0,0.0,0.0,2,2,2,50.9,99.91,100.0,98.89,84.11,99.14,42.07,99.6,23.59,60.51,35.09,0.0,62.29,19.23,11.73,26.92,0,60,C,82,B
148,30460,908728.9,7335.7,0.0,0.0,49.0,76.2,157.4,12.4,2.0,0.4,0.3,231.6,7.8,1.2,0,0.2,0.1,0.0,0.0,0.0,0.0,1,3,7,39.0,99.76,100.0,95.16,84.02,99.79,15.94,99.64,5.33,13.37,17.6,0.0,24.76,0.85,3.69,41.83,0,69,C,84,B
149,30461,835289.1,12099.8,0.7,0.0,189.2,63.5,123.6,6.9,1.0,0.5,0.1,150.2,7.5,1.2,0,1.2,0.6,0.01,0.0,0.01,0.0,0,3,3,44.7,55.65,99.99,97.31,85.69,99.94,39.25,99.84,80.8,47.44,99.5,0.0,15.05,4.55,7.88,37.4,0,68,C,85,B
150,30462,786041.8,11366.4,0.7,0.0,83.6,103.8,186.9,6.8,1.4,0.2,0.3,172.1,11.6,1.2,0,1.2,0.5,0.01,0.0,0.01,0.0,1,4,4,46.8,50.91,100.0,95.96,80.2,99.9,20.44,99.95,85.82,48.4,99.53,0.0,15.99,0.48,10.58,23.18,0,68,C,85,B
151,30463,7851.0,2842.6,0.1,0.0,26.0,7.2,14.8,2.1,0.3,0.2,0.0,18.8,0.5,1.1,0,1.2,0.1,0.07,0.0,0.08,0.01,0,2,27,6.2,84.72,100.0,95.58,84.85,99.95,39.81,99.7,8.4,17.62,93.65,0.0,64.47,75.3,2.03,28.57,0,57,C,73,C
152,30464,6095.1,3086.3,0.0,0.0,20.1,6.3,23.4,1.2,0.3,0.2,0.0,16.8,0.3,1.0,0,0.1,0.0,0.0,0.0,0.0,0.0,0,1,45,55.1,98.82,99.96,95.59,74.27,99.97,42.54,99.21,14.13,10.49,69.69,0.0,61.11,69.69,25.46,33.33,0,57,C,83,B
153,30465,9593.2,2880.0,0.0,0.0,25.5,5.3,11.2,1.5,0.2,0.3,0.0,119.2,0.4,1.1,0,0.1,0.0,0.0,0.0,0.01,0.0,0,1,30,39.4,98.92,100.0,99.27,83.68,99.96,46.3,99.01,30.11,12.87,51.59,0.0,63.43,41.38,16.53,66.67,0,57,C,84,B
154,30466,10092.8,2431.2,0.0,0.0,14.7,4.8,23.8,2.2,0.2,0.1,0.0,22.5,0.6,1.0,0,0.0,0.0,0.0,0.0,0.0,0.0,0,2,11,51.5,99.58,100.0,98.1,93.01,99.97,28.79,99.59,14.11,13.98,47.7,0.0,74.62,47.77,13.66,37.5,0,57,C,83,B
155,30467,50735.1,2864.5,0.0,0.0,12.2,10.8,42.9,1.2,0.1,0.1,0.0,37.7,3.1,1.0,0,0.1,0.0,0.0,0.0,0.0,0.0,0,3,38,57.6,99.99,100.0,99.21,92.42,99.95,36.61,99.64,12.8,11.89,12.41,0.0,64.21,2.77,34.77,75.0,0,60,C,82,B
156,30468,119067.2,2792.7,0.0,0.0,13.4,20.5,77.2,1.2,0.2,0.1,0.0,69.6,7.4,1.1,0,0.1,0.0,0.0,0.0,0.0,0.0,0,2,1,53.2,99.96,100.0,99.18,84.64,99.94,31.36,99.68,11.63,12.22,4.4,0.0,65.23,5.93,9.09,50.84,0,60,C,88,B
157,30469,9366.9,2877.0,0.0,0.0,25.1,4.7,12.1,1.2,0.3,0.2,0.0,121.6,0.5,1.2,0,0.1,0.0,0.0,0.0,0.01,0.0,0,1,37,36.8,99.29,100.0,99.3,77.86,99.96,45.63,99.05,19.01,11.03,54.6,0.0,64.23,16.3,15.72,42.86,0,57,C,82,B
158,30470,1927.4,2329.9,0.0,0.0,11.6,3.0,13.5,0.4,0.1,0.1,0.0,13.5,0.3,1.0,0,0.0,0.0,0.0,0.0,0.0,0.0,0,2,35,60.8,100.0,100.0,98.35,81.61,99.94,43.16,99.58,16.24,14.74,99.35,0.0,78.68,99.38,4.57,55.56,0,57,C,83,B
159,30471,1888.4,2374.6,0.0,0.0,12.2,3.0,10.8,0.4,0.1,0.1,0.0,10.8,0.3,1.1,0,0.0,0.0,0.0,0.0,0.0,0.0,0,4,29,58.2,99.99,100.0,97.81,79.75,99.94,40.63,99.6,15.77,16.12,99.81,0.0,79.44,99.81,1.55,36.36,0,57,C,83,B
160,30472,128150.2,2960.0,0.0,0.0,19.9,11.9,39.7,0.5,0.1,0.1,0.0,23.9,2.9,1.0,0,0.1,0.0,0.0,0.0,0.0,0.0,0,1,12,49.2,99.77,100.0,99.01,84.39,99.96,45.98,99.68,14.87,11.99,74.8,0.0,64.01,74.8,51.32,78.69,0,60,C,85,B
161,30473,4243.5,2751.9,0.0,0.0,17.7,3.5,11.5,0.9,0.2,0.2,0.0,116.6,0.3,1.1,0,0.1,0.0,0.0,0.0,0.01,0.0,0,2,37,41.2,95.03,100.0,99.56,83.36,99.93,49.28,99.21,20.89,13.53,96.74,0.0,66.12,92.07,4.71,50.0,0,57,C,81,B
162,30474,6964.4,2744.4,0.0,0.0,16.0,3.5,12.1,0.4,0.1,0.2,0.0,11.5,0.3,1.0,0,0.0,0.0,0.0,0.0,0.0,0.0,0,1,39,59.0,99.87,100.0,98.27,82.81,99.94,58.03,96.39,15.04,12.42,25.3,0.0,66.32,0.09,13.82,25.0,0,57,C,84,B
163,30475,2295.3,2619.8,0.0,0.0,13.4,3.2,12.2,0.4,0.1,0.1,0.0,11.4,0.3,1.0,0,0.0,0.0,0.0,0.0,0.0,0.0,0,1,28,60.3,99.96,100.0,96.97,78.45,99.96,44.09,99.47,24.82,13.08,95.78,0.0,69.83,95.78,4.35,36.36,0,57,C,87,B
164,30476,1820.9,2303.5,0.0,0.0,11.6,2.9,11.5,0.4,0.1,0.1,0.0,10.8,0.3,1.0,0,0.0,0.0,0.0,0.0,0.0,0.0,0,0,38,62.1,100.0,100.0,97.94,81.29,99.95,43.02,99.61,17.14,13.78,0.9,0.0,80.25,42.69,1.68,40.0,0,57,C,86,B
165,30477,3572.7,2574.7,0.0,0.0,56.7,3.4,11.6,0.7,0.1,0.1,0.0,115.4,0.3,1.1,0,0.1,0.0,0.0,0.0,0.01,0.0,1,23,38,55.6,99.96,100.0,99.59,81.33,99.94,46.33,99.37,16.76,13.24,51.18,0.0,70.71,0.61,3.53,25.0,0,57,C,80,B
166,30478,1956.0,2288.9,0.0,0.0,65.0,3.1,11.2,0.4,0.1,0.1,0.0,11.0,0.3,1.0,0,0.1,0.0,0.0,0.0,0.0,0.0,0,1,34,58.2,99.96,100.0,97.97,78.79,99.94,47.06,99.63,14.5,14.9,80.14,0.0,79.53,39.03,1.44,25.0,0,57,C,84,B
167,30479,25324.4,2712.8,0.0,0.0,71.5,6.5,70.0,1.0,0.2,0.1,0.0,71.8,0.8,1.0,0,0.1,0.0,0.0,0.0,0.0,0.0,0,1,17,61.2,99.68,100.0,99.2,82.66,99.93,32.74,99.57,19.64,13.63,37.68,0.0,67.16,37.6,7.2,40.0,0,59,C,87,B
168,30480,2676864.9,7323.6,0.0,0.0,77.1,256.2,103.5,1.1,0.1,0.1,0.0,91.2,5.7,1.2,0,0.1,0.1,0.0,0.0,0.0,0.0,4,1,2,47.6,99.77,100.0,99.66,92.0,99.96,37.41,99.79,38.47,48.66,60.02,0.0,27.59,60.03,19.5,55.45,0,60,C,85,B
169,30481,8053625.8,23305.5,0.0,0.1,97.1,825.2,298.7,0.4,0.1,0.1,0.0,191.6,15.9,1.0,0,0.3,0.2,0.0,0.0,0.0,0.0,5,2,2,53.7,99.99,100.0,99.85,80.51,99.97,41.03,99.92,48.99,42.75,0.6,0.0,22.14,0.56,19.53,33.33,0,60,C,83,B
170,30482,481466.6,21724.7,0.0,0.0,254.9,101.1,7714.4,0.7,0.1,0.1,0.0,7620.0,28.1,1.2,0,0.6,0.4,0.0,0.0,0.0,0.0,1,0,0,70.6,99.08,100.0,99.83,84.72,98.92,35.92,99.98,30.92,68.06,97.74,0.0,34.01,96.58,17.72,74.48,0,60,C,90,A
171,30483,2393522.2,44353.0,0.0,0.0,90.9,194.3,448.2,4.9,0.7,0.7,0.3,434.3,5.5,1.3,0,0.4,0.2,0.0,0.0,0.0,0.0,2,2,5,51.4,99.93,100.0,99.23,85.17,99.4,30.46,99.84,29.28,67.37,22.81,0.0,67.67,18.64,10.68,25.63,0,60,C,82,B
172,30484,975072.6,7316.7,0.0,0.0,79.7,78.8,150.8,12.7,2.0,0.4,0.3,142.6,8.0,1.1,0,0.2,0.1,0.0,0.0,0.0,0.0,1,2,6,42.2,99.81,100.0,92.4,84.3,99.79,15.21,99.65,5.7,13.37,8.34,0.0,25.26,1.05,4.16,23.6,0,69,C,86,B
173,30485,1558107.7,11480.4,0.1,0.0,271.2,160.2,298.0,13.4,2.2,0.7,0.4,400.1,17.9,1.4,0,0.7,0.2,0.0,0.0,0.0,0.0,0,1,3,28.6,93.57,100.0,97.36,83.52,99.83,35.88,99.31,29.93,12.45,72.45,0.0,17.37,70.55,9.04,25.8,0,69,C,85,B
174,30486,13008.0,2555.7,0.0,0.0,33.2,8.6,22.0,1.5,0.3,0.1,0.0,20.7,0.9,1.0,0,0.1,0.0,0.0,0.0,0.0,0.0,0,1,4,56.2,99.83,100.0,95.22,82.18,99.88,38.73,99.37,20.01,13.42,20.31,0.0,71.64,3.45,1.41,78.95,0,59,C,88,B
175,30487,5362.9,2389.7,0.0,0.0,54.5,4.7,14.9,0.8,0.2,0.1,0.0,14.7,0.6,1.0,0,0.0,0.0,0.0,0.0,0.0,0.0,0,2,9,59.2,99.97,100.0,95.94,75.81,99.93,33.33,99.63,20.4,14.43,97.09,0.0,77.03,92.21,1.63,17.65,0,57,C,85,B
176,30488,8701.3,3090.0,0.0,0.0,86.2,6.1,25.8,1.2,0.3,0.2,0.0,17.1,0.3,1.0,0,0.1,0.0,0.0,0.0,0.0,0.0,0,2,2,55.2,99.86,99.96,95.75,72.53,99.94,48.16,99.1,12.64,11.25,94.88,0.0,60.06,94.88,4.53,33.33,0,57,C,85,B
177,30489,8435.3,2806.9,0.0,0.0,114.1,5.1,12.5,1.5,0.2,0.3,0.0,119.9,0.4,1.1,0,0.1,0.0,0.0,0.0,0.01,0.0,0,1,35,40.5,98.69,100.0,99.32,83.98,99.94,41.0,99.47,31.62,12.11,90.43,0.0,64.64,21.17,13.7,20.0,0,57,C,83,B
178,30490,4027.9,2337.3,0.0,0.0,108.2,4.0,13.6,0.8,0.2,0.1,0.0,13.6,0.4,1.0,0,0.0,0.0,0.0,0.0,0.0,0.0,0,1,16,57.5,99.84,100.0,96.37,79.9,99.95,35.17,99.47,15.31,14.58,46.12,0.0,77.84,46.1,17.31,37.5,0,57,C,85,B
179,30491,1928.9,2319.5,0.0,0.0,113.0,3.0,12.0,0.4,0.1,0.1,0.0,11.8,0.3,1.0,0,0.1,0.0,0.0,0.0,0.0,0.0,0,1,37,51.3,99.31,100.0,98.21,83.54,99.95,45.83,99.57,17.82,14.71,99.44,0.0,78.54,83.42,3.74,100.0,0,57,C,84,B
180,30492,2618.3,2290.6,0.0,0.0,120.5,3.1,11.8,0.4,0.1,0.1,0.0,11.6,0.3,1.0,0,0.0,0.0,0.0,0.0,0.0,0.0,0,1,35,60.2,99.99,100.0,98.29,83.19,99.95,40.43,99.58,17.35,14.89,23.45,0.0,79.5,30.49,10.17,33.33,0,57,C,85,B
181,30493,4797.8,2681.1,0.0,0.0,143.4,3.7,11.5,0.9,0.2,0.2,0.0,117.0,0.4,1.0,0,0.1,0.0,0.0,0.0,0.01,0.0,0,1,38,47.1,99.44,100.0,99.49,79.93,99.93,44.84,99.07,22.32,12.72,70.59,0.0,67.89,15.45,8.74,100.0,0,57,C,83,B
182,30494,2189.6,2337.6,0.0,0.0,137.8,3.2,14.4,0.5,0.1,0.1,0.0,14.2,0.3,1.0,0,0.0,0.0,0.0,0.0,0.0,0.0,0,1,24,59.4,99.95,100.0,98.05,76.99,99.93,36.0,99.6,17.41,13.6,46.48,0.0,79.19,46.51,3.29,42.86,0,57,C,86,B
183,30495,1900.4,2290.3,0.0,0.0,113.4,3.0,11.6,0.4,0.1,0.1,0.0,11.4,0.3,1.0,0,0.0,0.0,0.0,0.0,0.0,0.0,0,0,38,61.1,100.0,100.0,98.27,81.44,99.94,36.79,99.62,15.81,14.89,1.24,0.0,79.48,11.98,3.95,100.0,0,57,C,86,B
184,30496,4493.7,2330.7,0.0,0.0,136.2,3.0,11.4,0.4,0.1,0.1,0.0,11.1,0.3,1.0,0,0.0,0.0,0.0,0.0,0.0,0.0,0,0,29,60.1,100.0,100.0,98.2,81.18,99.96,37.38,99.6,16.15,15.84,1.22,0.0,78.05,14.23,22.58,30.77,0,57,C,87,B
185,30497,4078.7,2594.9,0.0,0.0,89.7,3.5,11.3,0.8,0.1,0.1,0.0,115.6,0.3,1.1,0,0.1,0.0,0.0,0.0,0.01,0.0,0,1,40,53.9,99.9,100.0,99.57,81.16,99.94,50.0,99.14,14.66,13.12,70.98,0.0,70.03,36.82,4.32,25.0,0,57,C,84,B
186,30498,4320.6,2871.3,0.0,0.0,84.0,3.3,12.1,0.4,0.1,0.2,0.0,11.5,0.3,1.0,0,0.1,0.0,0.01,0.0,0.0,0.0,0,1,24,59.3,99.87,100.0,98.29,80.43,99.93,40.5,99.62,22.11,11.87,25.27,0.0,63.34,2.62,17.32,25.0,0,57,C,86,B
187,30499,2273.2,2413.0,0.0,0.0,121.8,3.2,11.8,0.5,0.1,0.1,0.0,11.6,0.3,1.0,0,0.0,0.0,0.0,0.0,0.0,0.0,0,0,32,60.3,99.96,100.0,97.21,81.43,99.98,42.98,99.5,22.93,14.15,88.89,0.0,75.52,0.78,3.74,33.33,0,57,C,86,B
188,30500,1912.1,2324.7,0.0,0.0,108.8,2.9,12.5,0.4,0.1,0.1,0.0,11.0,0.3,1.1,0,0.0,0.0,0.0,0.0,0.0,0.0,0,2,35,59.8,99.99,100.0,97.98,82.12,99.94,41.76,99.63,22.52,14.81,99.41,0.0,79.06,99.41,4.27,100.0,0,57,C,81,B
189,30501,3421.5,2568.1,0.0,0.0,101.4,3.2,11.2,0.7,0.1,0.1,0.0,115.2,0.3,1.0,0,0.1,0.0,0.0,0.0,0.01,0.0,1,1,43,50.7,99.99,100.0,99.6,81.29,99.95,46.19,99.2,15.43,13.28,31.83,0.0,70.89,28.6,4.26,100.0,0,57,C,84,B
190,30502,1970.2,2305.7,0.0,0.0,76.4,3.0,11.4,0.4,0.1,0.1,0.0,11.2,0.3,1.0,0,0.0,0.0,0.0,0.0,0.0,0.0,0,1,32,60.3,100.0,100.0,98.08,80.12,99.95,38.24,99.61,24.17,14.78,1.56,0.0,78.88,15.1,1.66,40.0,0,57,C,86,B
191,30503,30301.3,2727.7,0.0,0.0,96.9,6.8,67.6,1.0,0.1,0.1,0.0,69.4,0.8,1.1,0,0.1,0.0,0.0,0.0,0.0,0.0,0,1,18,61.4,99.7,100.0,99.24,85.52,99.94,43.33,99.48,20.0,11.66,39.63,0.0,67.88,39.57,5.01,40.0,0,59,C,87,B
192,30504,2762688.9,7551.8,0.0,0.0,120.0,269.9,113.7,1.4,0.1,0.1,0.0,103.8,5.9,1.1,0,0.1,0.1,0.0,0.0,0.0,0.0,1,9,1,52.5,99.95,100.0,99.64,91.7,99.96,28.97,99.84,39.06,48.76,16.67,0.0,27.49,17.71,19.6,62.92,0,60,C,87,B
193,30505,8177917.0,24645.1,0.0,0.1,106.7,842.2,306.8,0.5,0.1,0.1,0.0,202.7,16.1,1.1,0,0.3,0.2,0.0,0.0,0.0,0.0,1,7,1,54.3,100.0,100.0,99.86,83.31,99.97,44.12,99.93,48.16,41.01,0.65,0.0,21.3,0.64,19.67,74.04,0,60,C,88,B
194,30506,413160.1,25282.7,0.0,0.0,215.9,87.4,7721.4,0.9,0.2,0.1,0.1,7629.8,27.8,1.3,0,0.6,0.4,0.0,0.0,0.0,0.0,1,0,0,70.4,99.2,100.0,99.53,82.64,98.47,37.61,99.97,30.07,58.32,95.6,0.0,29.18,94.73,16.3,64.67,0,60,C,90,A
195,30507,2287436.1,40953.3,0.0,0.0,48.2,194.7,401.1,4.6,0.7,0.7,0.3,388.4,5.3,1.2,0,0.3,0.2,0.0,0.0,0.0,0.0,2,2,3,52.5,99.93,100.0,99.1,84.91,99.28,45.82,99.44,29.45,66.3,26.26,0.0,66.87,20.72,10.75,41.06,0,60,C,82,B
196,30508,965902.4,7144.4,0.0,0.0,27.6,82.4,149.2,12.4,2.0,0.3,0.3,139.8,8.1,1.1,0,0.2,0.1,0.0,0.0,0.0,0.0,1,3,5,41.6,99.82,100.0,92.47,84.05,99.8,12.55,99.72,6.31,13.24,10.76,0.0,25.91,8.49,4.66,26.09,0,69,C,85,B
197,30509,1533796.9,8991.2,0.0,0.0,42.0,151.9,289.9,9.3,1.6,0.2,0.4,264.8,17.7,1.2,0,0.2,0.1,0.0,0.0,0.0,0.0,1,2,2,39.7,99.73,100.0,96.73,82.69,99.81,16.7,99.76,5.21,15.95,16.1,0.0,20.16,5.59,9.14,22.05,0,68,C,84,B
198,30510,6732.9,2933.3,0.0,0.0,17.2,6.1,15.1,1.0,0.2,0.1,0.0,13.7,0.6,1.0,0,0.1,0.0,0.0,0.0,0.0,0.0,0,3,8,47.3,99.8,100.0,96.31,82.85,99.92,34.17,99.61,21.58,11.71,31.57,0.0,62.5,17.83,2.9,40.91,0,57,C,85,B
199,30511,7077.6,2368.6,0.0,0.0,13.1,4.4,15.4,0.8,0.1,0.1,0.0,13.0,0.5,1.1,0,0.1,0.0,0.0,0.0,0.0,0.0,0,3,1,49.1,99.91,100.0,96.25,80.49,99.92,42.31,99.54,18.43,14.36,91.66,0.0,76.68,91.65,12.64,50.0,0,57,C,87,B
200,30512,1398617.4,21312.3,0.1,0.0,71.8,123.6,413.7,11.2,1.8,0.9,0.5,398.9,8.2,1.3,0,0.4,0.2,0.0,0.0,0.0,0.0,1,2,3,42.5,99.48,99.87,97.44,84.25,98.7,33.52,99.55,12.76,23.76,70.11,0.0,47.55,67.45,7.28,36.55,0,69,C,84,B
201,30513,1588422.2,19267.4,0.0,0.0,69.5,125.9,1513.7,2.3,0.4,0.6,0.1,1492.0,8.7,1.3,0,0.3,0.2,0.0,0.0,0.0,0.0,1,1,2,52.6,99.66,100.0,99.86,82.8,99.01,24.09,99.92,24.85,31.98,56.04,0.0,25.88,28.31,32.84,42.07,0,60,C,87,B
202,30514,5018781.4,45723.3,0.0,0.1,175.9,447.9,790.3,6.9,0.9,0.4,0.1,730.3,18.7,1.5,0,0.7,0.3,0.0,0.0,0.0,0.0,3,1,1,46.3,99.68,100.0,98.95,86.66,97.98,15.92,99.94,13.87,52.28,33.81,0.0,54.92,48.14,15.38,60.22,0,64,C,86,B
203,30515,4198502.5,65018.4,0.0,0.1,87.7,373.3,752.7,3.3,0.4,2.3,0.2,710.2,13.2,1.4,0,0.7,0.4,0.0,0.0,0.0,0.0,2,1,1,57.1,99.91,99.96,99.69,87.39,96.9,25.49,99.95,23.71,66.15,22.38,0.0,69.05,46.85,25.13,75.66,0,62,C,86,B
204,30516,5057716.8,91407.6,1.9,0.1,224.4,477.5,576.0,3.0,0.4,1.0,0.1,507.3,20.7,1.8,0,1.0,0.4,0.0,0.0,0.0,0.0,3,2,1,41.5,99.9,99.97,99.61,87.27,96.55,26.35,99.95,32.7,62.94,98.52,0.0,65.64,98.05,13.28,36.15,0,62,C,84,B
